{"cameraMode":{"drawMode":0,"name":"Shaded","section":"Shading Mode"},"sceneLighting":false,"audioPlay":false,"sceneViewState":{"m_AlwaysRefresh":false,"showFog":true,"showSkybox":true,"showFlares":true,"showImageEffects":true,"showParticleSystems":true,"showVisualEffectGraphs":true,"m_FxEnabled":true},"in2DMode":false,"pivot":{"x":-4.077703952789307,"y":-1.1629467010498047,"z":0.5683364272117615},"rotation":{"x":0.06404901295900345,"y":-0.9169471859931946,"z":0.16401593387126923,"w":0.35807526111602785},"size":8.467550277709961,"orthographic":false}